RNA_exp_1,RNA_exp_2,RNA_exp_ave
0.664519701408459,0.619366575230056,0.641943138319258
