RNA_exp_1,RNA_exp_2,RNA_exp_ave
0.530471195557,1.42608952355977,0.978280359558387
