RNA_exp_1,RNA_exp_2,RNA_exp_ave
0.686979875027797,0.558180362914975,0.622580118971386
