RNA_exp_1,RNA_exp_2,RNA_exp_ave
1.31675515174657,1.63549835036331,1.47612675105494
