RNA_exp_1,RNA_exp_2,RNA_exp_ave
2.3927801656275,2.11869792249443,2.25573904406097
