RNA_exp_1,RNA_exp_2,RNA_exp_ave
0.776480838568838,0.881532820552226,0.829006829560532
